<?xml version="1.0" encoding="UTF-8"?>
  <para>Below are all of the Nikto command line options and explanations. A
brief version of this text is available by running Nikto with the -h
(-help) option.</para>
  <variablelist>
    <varlistentry>
      <term><option>-ask</option></term>
      <listitem>
        <para>Whether to ask about submitting updates: yes (ask about each--
the default), no (don't ask, just send), auto (don't ask, just send).
       </para>
      </listitem>
    </varlistentry>
    <varlistentry>
      <term><option>-Cgidirs</option></term>
      <listitem>
        <para>Scan these CGI directories. Special words "none" or "all" may
be used to scan all CGI directories or none, (respectively). A
literal value for a CGI directory such as "/cgi-test/" may be
specified (must include trailing slash). If this is option is not
specified, all CGI directories listed in nikto.conf will be
tested.</para>
      </listitem>
    </varlistentry>
    <varlistentry>
      <term><option>-config</option></term>
      <listitem>
        <para>Specify an alternative config file to use instead of the
nikto.conf file located in the install directory.</para>
      </listitem>
    </varlistentry>
    <varlistentry>
      <term><option>-dbcheck</option></term>
      <listitem>
        <para>Check the scan databases for syntax errors.</para>
      </listitem>
    </varlistentry>
    <varlistentry>
      <term><option>-Display</option></term>
      <listitem>
        <para>Control the output that Nikto shows. See Chapter 5 for
detailed information on these options. Use the reference number or
letter to specify the type. Multiple may be used:</para>
        <para>1 - Show redirects</para>
        <para>2 - Show cookies received</para>
        <para>3 - Show all 200/OK responses</para>
        <para>4 - Show URLs which require authentication</para>
        <para>D - Debug Output</para>
        <para>E - Display all HTTP errors</para>
        <para>P - Print progress to STDOUT</para>
        <para>V - Verbose Output</para>
      </listitem>
    </varlistentry>
    <varlistentry>
      <term><option>-evasion</option></term>
      <listitem>
        <para>Specify the LibWhisker encoding/evasion technique to use (see the
LibWhisker docs for detailed information on these). Note that these are not 
likely to actually bypass a modern IDS system, but may be useful for other 
purposes. Use the reference number to specify the type, multiple may be used:</para>
        <para>1 - Random URI encoding (non-UTF8)</para>
        <para>2 - Directory self-reference (/./)</para>
        <para>3 - Premature URL ending</para>
        <para>4 - Prepend long random string</para>
        <para>5 - Fake parameter</para>
        <para>6 - TAB as request spacer</para>
        <para>7 - Change the case of the URL</para>
        <para>8 - Use Windows directory separator (\)</para>
        <para>A - Use a carriage return (0x0d) as a request spacer</para>
        <para>B - Use binary value 0x0b as a request spacer</para>
      </listitem>
    </varlistentry>
    <varlistentry>
      <term><option>-findonly</option></term>
      <listitem>
        <para>Only discover the HTTP(S) ports, do not perform a security scan.
This will attempt to connect with HTTP or HTTPS, and report the
Server header. Note that as of version 2.1.4, -findonly has been deprecated and
simply sets '-Plugins "@@NONE"' which will override any command line or config file
settings for -Plugins.</para>
      </listitem>
    </varlistentry>
    <varlistentry>
      <term><option>-Format</option></term>
      <listitem>
        <para>Save the output file specified with -o (-output) option in
this format. If not specified, the default will be taken from the file
extension specified in the -output option. Valid formats are:</para>
        <para>csv - a comma-seperated list</para>
        <para>htm - an HTML report</para>
        <para>sql - generic SQL</para>
        <para>txt - a text report</para>
        <para>xml - an XML report</para>
      </listitem>
    </varlistentry>
    <varlistentry>
      <term><option>-host</option></term>
      <listitem>
        <para>Host(s) to target. Can be an IP address, hostname or text file
of hosts. A single dash (-) maybe used for stdin. Can also parse nmap -oG
style output</para>
      </listitem>
    </varlistentry>
    <varlistentry>
      <term><option>-Help</option></term>
      <listitem>
        <para>Display extended help information.</para>
      </listitem>
    </varlistentry>
    <varlistentry>
      <term><option>-id</option></term>
      <listitem>
        <para>ID and password to use for host Basic host authentication.  Format is "id:password".</para>
      </listitem>
    </varlistentry>
    <varlistentry>
      <term><option>-404code</option></term>
      <listitem>
        <para>Ignore these HTTP codes as negative responses (always). Format is "302,301".</para>
      </listitem>
    </varlistentry>
    <varlistentry>
    <varlistentry>
      <term><option>-404string</option></term>
      <listitem>
        <para>Ignore this string in response body content as negative response (always). Can be a regular expression..</para>
      </listitem>
    </varlistentry>
    <varlistentry>
      <term><option>-list-plugins</option></term>
      <listitem>
        <para>Will list all plugins that Nikto can run against targets and
	    then will exit without performing a scan. These can be tuned for a
	    session using the <parameter>-Plugins</parameter> option.</para>
	    <para>The output format is:</para>
	    <para>Plugin <varname>name</varname></para>
	    <para><varname>full name</varname> - <varname>description</varname>
	    </para>
	    <para>Written by <varname>author</varname>, Copyright (C)
	    <varname>copyright</varname></para>
      </listitem>
    </varlistentry>

    <varlistentry>
      <term><option>-maxtime</option></term>
      <listitem>
        <para>Maximum execution time per host, in seconds. Accepts minutes and hours
            such that all of these are one hour: 3600s, 60m, 1h</para>
      </listitem>
    </varlistentry>

    <varlistentry>
      <term><option>-mutate</option></term>
      <listitem>
        <para>Specify mutation technique. A mutation will cause Nikto to
combine tests or attempt to guess values. These techniques may cause
a tremendous amount of tests to be launched against the target. Use
the reference number to specify the type, multiple may be
used:</para>
        <para>1 - Test all files with all root directories</para>
        <para>2 - Guess for password file names</para>
        <para>3 - Enumerate user names via Apache (/~user type
requests)</para>
        <para>4 - Enumerate user names via cgiwrap (/cgi-bin/cgiwrap/~user
type requests)</para>
        <para>5 - Attempt to brute force sub-domain names, assume that
        the host name is the parent domain</para>
        <para>6 - Attempt to guess directory names from the supplied
        dictionary file</para>
      </listitem>
    </varlistentry>
    <varlistentry>
      <term><option>-mutate-options</option></term>
      <listitem>
        <para>Provide extra information for mutates, e.g. a dictionary
        file</para>
      </listitem>
    </varlistentry>
    <varlistentry>
      <term><option>-nolookup</option></term>
      <listitem>
        <para>Do not perform name lookups on IP addresses.</para>
      </listitem>
    </varlistentry>
    <varlistentry>
      <term><option>-nocache</option></term>
      <listitem>
        <para>Disable response cache</para>
      </listitem>
    </varlistentry>
    <varlistentry>
      <term><option>-nointeractive</option></term>
      <listitem>
        <para>Disable interactive features</para>
      </listitem>
    </varlistentry>
    <varlistentry>
      <term><option>-nossl</option></term>
      <listitem>
        <para>Do not use SSL to connect to the server.</para>
      </listitem>
    </varlistentry>
    <varlistentry>
      <term><option>-no404</option></term>
      <listitem>
        <para>Disable 404 (file not found) checking. This will reduce
        the total number of requests made to the webserver and may be
        preferable when checking a server over a slow link, or an embedded
        device. This will generally lead to more false positives being
        discovered.</para>
      </listitem>
    </varlistentry>
    <varlistentry>
      <term><option>-Option</option></term>
      <listitem>
        <para>Specify options to override settings in nikto.conf. Can be
        specified multiple times for multiple values.</para>
      </listitem>
    </varlistentry>
    <varlistentry>
      <term><option>-output</option></term>
      <listitem>
        <para>Write output to the file specified. The format used will be
		taken from the file extension. This can be over-riden by using the
		-Format option (e.g. to write text files with a different extenstion.
		Existing files will have new information appended.</para>
	<para>A single dot (.) may be specified for the output file name, in which case 
		the file name will be automatically generated based on the target being 
		tested. Note that the -Format option is required when this is used. The 
		scheme is: nikto_HOSTNAME_PORT_TIMESTAMP.FORMAT</para>
	<para>For '-Format sql' a sample MySQL table create might look like:
		create table nikto_table (testid varchar(6) not null, ip varchar(15), hostname text, port int(5), usessl tinyint(1), osvdb int, httpmethod text, uri text, message text, request blob, response blob);</para>
      </listitem>
    </varlistentry>
	<varlistentry>
	  <term><option>-Plugins</option></term>
	  <listitem>
	    <para>Select which plugins will be run on the specified targets. A
		semi-colon separated list should be provided which lists the names of the
		plugins. The names can be found by using -list-plugins.</para>
		<para>There are two special entries: @@ALL, which specifies all plugins
		shall be run and @@NONE, which specifies no plugins shall be run. The
		default is @@DEFAULT</para>
	  </listitem>
	</varlistentry>
    <varlistentry>
      <term><option>-port</option></term>
      <listitem>
        <para>TCP port(s) to target. To test more than one port on the same
host, specify the list of ports in the -p (-port) option. Ports can
be specified as a range (i.e., 80-90), or as a comma-delimited list,
(i.e., 80,88,90). If not specified, port 80 is used.</para>
      </listitem>
    </varlistentry>
    <varlistentry>
      <term><option>-Pause</option></term>
      <listitem>
        <para>Seconds (integer or floating point) to delay between each test.</para>
      </listitem>
    </varlistentry>
    <varlistentry>
      <term><option>-root</option></term>
      <listitem>
        <para>Prepend the value specified to the beginning of every request.
This is useful to test applications or web servers which have all of
their files under a certain directory.</para>
      </listitem>
    </varlistentry>
    <varlistentry>
      <term><option>-ssl</option></term>
      <listitem>
        <para>Only test SSL on the ports specified. Using this option will
dramatically speed up requests to HTTPS ports, since otherwise the
HTTP request will have to timeout first.</para>
      </listitem>
    </varlistentry>
    <varlistentry>
      <term><option>-Save</option></term>
      <listitem>
        <para>Save request/response of findings to this directory. Files are 
plain text and will contain the raw request/response as well as JSON strings 
for each. Use a "." to auto-generate a directory name for each target. These 
saved items can be replayed by using the included replay.pl script, which can 
route items through a proxy.</para>
      </listitem>
    </varlistentry>
    <varlistentry>
      <term><option>-timeout</option></term>
      <listitem>
        <para>Seconds to wait before timing out a request. Default timeout
is 10 seconds.</para>
      </listitem>
    </varlistentry>
    <varlistentry>
      <term><option>-Tuning</option></term>
      <listitem>
        <para>Tuning options will control the test that Nikto will use
against a target. By default, all tests are performed. If any options are 
specified, only those tests will be performed. If the "x" option is used, 
it will reverse the logic and exclude only those tests. Use the reference
number or letter to specify the type, multiple may be used:</para>
        <para>0 - File Upload</para>
        <para>1 - Interesting File / Seen in logs</para>
        <para>2 - Misconfiguration / Default File</para>
        <para>3 - Information Disclosure</para>
        <para>4 - Injection (XSS/Script/HTML)</para>
        <para>5 - Remote File Retrieval - Inside Web Root</para>
        <para>6 - Denial of Service</para>
        <para>7 - Remote File Retrieval - Server Wide</para>
        <para>8 - Command Execution / Remote Shell</para>
        <para>9 - SQL Injection</para>
        <para>a - Authentication Bypass</para>
        <para>b - Software Identification</para>
        <para>e - Administration Console</para>
        <para>c - Remote Source Inclusion</para>
        <para>x - Reverse Tuning Options (i.e., include all except
specified)</para>
        <para>The given string will be parsed from left to right, any x
        characters will apply to all characters to the right of the
        character.</para>
      </listitem>
    </varlistentry>
    <varlistentry>
      <term><option>-Userdbs</option></term>
      <listitem>
        <para>Load user defined databases instead of standard databases. User defined
        databases follow the same syntax as the standard files, but are prefixed with 
        a 'u', e.g., 'udb_tests'</para>
	<para>all - Disable all standard databases and load only user databases</para>
	<para>tests - Disable db_tests and load udb_tests. All other databases are 
        loaded normally.</para>
      </listitem>
    </varlistentry>
    <varlistentry>
      <term><option>-until</option></term>
      <listitem>
        <para>Run until the specified time or duration, then pause.</para>
	<para>Durations in hours, minutes or seconds, like: 1h, 60m, 3600s</para>
	<para>Times like "mm dd hh:mm:ss" (mm, dd, ss optional): 12 1 22:30:00</para>
      </listitem>
    </varlistentry>
    <varlistentry>
      <term><option>-update</option></term>
      <listitem>
        <para>Update the plugins and databases directly from cirt.net.</para>
      </listitem>
    </varlistentry>
    <varlistentry>
      <term><option>-useproxy</option></term>
      <listitem>
        <para>Use the HTTP proxy defined in the configuration file. The proxy
        may also be directly set as an argument.</para>
      </listitem>
    </varlistentry>
    <varlistentry>
      <term><option>-Version</option></term>
      <listitem>
        <para>Display the Nikto software, plugin and database
versions.</para>
      </listitem>
    </varlistentry>
    <varlistentry>
      <term><option>-vhost</option></term>
      <listitem>
        <para>Specify the Host header to be sent to the target.</para>
      </listitem>
    </varlistentry>
  </variablelist>
